temperature,vibration,age,risk_fuzzy,risk_lr,risk_rf
85.0,8.5,15.0,8.536990950226246,9.57757198680207,8.572223750538356
25.0,1.0,1.0,1.6474776500638568,2.5947509641635293,1.5982395708149306
45.0,5.0,10.0,5.0,5.7161254881630725,5.0
70.0,3.0,18.0,6.00438334100322,6.030554126555426,6.128349294690435
55.0,6.5,3.0,8.128488372093024,6.942928783494342,8.08083562813904
30.0,2.0,12.0,0.0,3.435392551718595,1.988732843812551
