model,MSE,RMSE,R2
LinearRegression,4.108258622409401,2.0268839686596274,0.5042331161716791
RandomForest,0.15284006045493959,0.390947644135298,0.9815559224819594
